{
  "attack_type_centroids": {
    "Botnet": [
      -1.0,
      0.007054347546230554,
      0.5292740046838407,
      0.6688524590163932,
      8.6617866222495,
      -0.11201079622132255,
      3.184829695064978,
      -0.7727272727272729,
      5.979475670049439,
      2.8462568255836027,
      0.0020807061790668346,
      -0.5752212389380529,
      -0.59305574455946,
      0.30083354402188855,
      0.14406246906174927,
      0.1195189567139863,
      -0.04091453732253956,
      0.01108892131540216,
      0.008715611063179689,
      0.5172654342518311,
      0.01905498698907959,
      0.032832608464994875,
      0.04120477947313751,
      0.019875770336674585,
      1.1130101151028955,
      0.019466164128106454,
      0.03964419778251044,
      0.3368519415327203,
      0.01957914864380119,
      12.156609696546914,
      0.5,
      0.5573770491803278,
      0.0,
      0.0,
      0.0,
      0.0,
      0.5983606557377047,
      0.6595208070617905,
      0.16182762493382677,
      0.18691098039914383,
      -0.7727272727272729,
      0.7422421851843409,
      0.04893047461547665,
      0.5868993266671485,
      5.030650581383712,
      1.0,
      1.0,
      0.0,
      0.5286885245901639,
      0.7177985948477755,
      0.0,
      0.0,
      0.0,
      -2.189754098360661,
      0.04893047461547639,
      5.979475670049438,
      -0.59305574455946,
      3092.655737704918,
      0.6229508196721312,
      568721.0655737704,
      0.0,
      0.0,
      0.0,
      0.0,
      4.377049180327867,
      0.0,
      -0.6217274284316125,
      1.0,
      2.283917467495759,
      0.29508196721311475,
      1.0,
      0.0,
      0.0,
      0.0,
      0.0,
      0.0,
      0.0,
      0.0,
      0.0,
      0.0,
      0.0,
      0.019621262918696595
    ],
    "PortScan": [
      -1.000826988124152,
      -0.001562632831944775,
      -0.11135762287211876,
      -0.18348631371907995,
      -0.22111589491335856,
      -0.23060808818533837,
      -0.24128805861267388,
      -0.7715231109653907,
      -2.0411876670222417,
      0.001918296236834407,
      -0.20929978376813668,
      -0.575081264786067,
      -0.7614651218973297,
      0.036814431869692875,
      0.19012422380947594,
      232.92196748382224,
      -0.05707419513135933,
      -0.005300039087958576,
      -0.0041274205281047185,
      0.6807891625718826,
      0.004152799780215072,
      0.0046093106299710624,
      0.005063107488271987,
      0.003132070309267374,
      16.753122962053645,
      0.009517456021477848,
      0.012278948145468593,
      0.07517184896224591,
      0.006553542531788321,
      61.773050807855036,
      0.006986559580396656,
      0.006044091132601213,
      0.0006556302245533519,
      0.0,
      0.013194558269136207,
      1.01430093427307,
      0.09396089735824302,
      0.03947335241385456,
      347.12000052541725,
      290.6556660773468,
      -0.7715231109653907,
      -0.1525912667592232,
      -0.976314478896592,
      -0.20486945679637028,
      0.14363541175084768,
      0.005736764464841829,
      0.5814825438452713,
      1.0274954925422062,
      0.006515325356498934,
      0.08086203666845725,
      0.0006556302245533519,
      0.00032781511227667593,
      0.0013112604491067037,
      -0.4178211106901078,
      -0.976314478896592,
      -2.0411876670222417,
      -0.7614651218973297,
      0.09834453368300279,
      0.00032781511227667593,
      0.11039173905917063,
      25.65608097033273,
      0.008891984920504836,
      97244.33887887231,
      0.07433207670873627,
      -1.9916556153238663,
      0.0,
      -0.7741415035950046,
      1.0427843640034677,
      2.5805358364089566,
      -0.4929314866415342,
      1.6759411025515105,
      3216.133871496476,
      4363.412752073738,
      6301.5326176036715,
      130.73512538928046,
      24582.963612522537,
      6098.715553033735,
      28895.40673660056,
      20270.520488444516,
      0.021471889854122274,
      0.027290608097033275,
      0.009484181629491011
    ],
    "DDoS": [
      -1.0,
      1.154941354654073,
      0.8503827979338207,
      0.7663468305563976,
      0.5838477901617946,
      14.79602785177363,
      0.8953627175877074,
      -0.7664645282183256,
      -0.33230777719808646,
      1.0861245150124517,
      11.712936183393447,
      -0.5752212389379672,
      13.117133350383781,
      12.807764921308317,
      1.1121145821725793,
      0.5461316038306977,
      1.8784961382576637,
      1.3474529065028216,
      1.0142938554459724,
      0.0477574778536523,
      1.169811397841561,
      2.3252438798578967,
      1.5432503623737464,
      1.0211526224841103,
      16025.131514271554,
      0.6943441910645956,
      2.7745859358378087,
      7.995836949866872,
      0.6259277827775073,
      25873.255935604328,
      0.6460654583969173,
      0.4942861522810098,
      0.0,
      0.0,
      1.4386074935022402,
      0.013573872386088872,
      1.1087298867864008,
      0.9986263895791947,
      0.6811758751142852,
      0.8867555307658828,
      -0.7727272727276182,
      8.479846824534075,
      9.519613978801406,
      8.58553636996263,
      70.94579719794903,
      0.6595139048574674,
      1.0391642452494931,
      1.4521813658883291,
      0.5701758053389636,
      0.8568969825109334,
      0.0,
      0.0,
      0.0,
      -3.1863885718969196,
      9.519613978801404,
      -0.33230777719808646,
      13.117133350383781,
      41.19979653127635,
      0.13771766624161214,
      30.859334824508228,
      5749.945314296465,
      2.090411187992558,
      16936436.167715367,
      0.0,
      -0.14186115603408878,
      0.0,
      11.308674554772889,
      2.529347642150471,
      2.3483658828025726,
      0.13874894607382013,
      1.2822501411041658,
      207680.776425965,
      79234.00448822601,
      263572.3486562006,
      150280.29509933037,
      4064132.160772451,
      291438.6263251832,
      4524160.548835978,
      3852929.276647783,
      0.0,
      0.0,
      14.355589538131126
    ],
    "BruteForce": [
      -1.0,
      1.9429854502847037,
      1.995782415918673,
      4.351400454201349,
      2.4173612601051633,
      1.5861567679170125,
      1.2512306189768228,
      -0.7727272727272634,
      0.11235875113676434,
      0.8474052349048364,
      0.5976489256390807,
      -0.5748192908295591,
      -0.4987548623182874,
      0.4988534494398233,
      -0.04221562703357037,
      -0.1307018848114166,
      0.7040052481954115,
      0.6196037032358921,
      0.5736165201501767,
      0.03860711582134749,
      1.9626021204478457,
      1.1194074927800413,
      1.1077119946202962,
      0.5930757567838227,
      4.168392739220777,
      2.017512332891709,
      0.669479092789628,
      6.729377844834604,
      0.5826928604269139,
      9.207724644450511,
      5.441332323996972,
      5.233535200605602,
      0.0,
      0.0,
      0.000757002271006813,
      1.1241483724451173,
      2.735608728565315,
      4.737145519128869,
      -0.1568199211540792,
      -0.20337533396075816,
      -0.7727272727272634,
      0.4313628462443047,
      -0.4604859168113998,
      0.18310885648025002,
      0.24171541743046665,
      0.987887963663891,
      1.0007570022710068,
      1.1249053747161242,
      5.337433762301287,
      2.6858440575321576,
      0.0,
      0.0,
      0.0,
      6.664068118421155,
      -0.4604859168113995,
      0.11235875113676438,
      -0.4987548623182874,
      1.3928841786525359,
      0.012112036336109008,
      29861.36714610144,
      1.0900832702498107,
      0.01514004542013626,
      0.6328538985616957,
      0.0,
      -0.3737526667125439,
      0.0,
      -0.4469702961347669,
      3.5617816240655755,
      0.945985277610999,
      4.940953822861468,
      1.9992429977289932,
      0.0,
      0.0,
      0.0,
      0.0,
      0.0,
      0.0,
      0.0,
      0.0,
      0.0,
      0.0,
      2.520685610982824
    ],